{
  "techStack": [
    {
      "icon": "vscode-icons:file-type-html",
      "name": "HTML"
    },
    {
      "icon": "devicon:css3",
      "name": "CSS"
    },
    {
      "icon": "vscode-icons:file-type-light-js",
      "name": "JavaScript"
    },
    {
      "icon": "catppuccin:markdown-mdx",
      "name": "Markdown"
    },
    {
      "icon": "logos:mysql",
      "name": "MySql"
    },
    {
      "icon": "logos:php",
      "name": "PHP"
    },
    {
      "icon": "material-icon-theme:python",
      "name": "Python"
    },
    {
      "icon": "material-icon-theme:vue",
      "name": "Vue"
    },
    {
      "icon": "skill-icons:jquery",
      "name": "Jquery"
    },
    {
      "icon": "skill-icons:photoshop",
      "name": "PhotoShop"
    },
    {
      "icon": "devicon:xd",
      "name": "XD"
    }
  ]
}
